review,rating
OTP code never arrives on my phone help,1
OTP code never arrives on my phone useless,1
OTP sms is delayed by 10 minutes fix it,1
OTP sms is delayed by 10 minutes terrible,1
OTP code never arrives on my phone help,1
OTP code never arrives on my phone fix it,1
OTP sms is delayed by 10 minutes help,1
OTP code never arrives on my phone useless,1
OTP code never arrives on my phone fix it,1
interface is confusing and slow fix it,1
OTP code never arrives on my phone help,1
OTP code never arrives on my phone help,1
app crashing when opening scanner fix it,1
OTP sms is delayed by 10 minutes help,1
OTP code never arrives on my phone fix it,1
transaction failed but money deducted useless,1
OTP sms is delayed by 10 minutes help,1
OTP code never arrives on my phone fix it,1
OTP sms is delayed by 10 minutes terrible,1
interface is confusing and slow fix it,1
OTP sms is delayed by 10 minutes help,1
OTP code never arrives on my phone fix it,1
OTP sms is delayed by 10 minutes useless,1
OTP code never arrives on my phone useless,1
transaction failed but money deducted fix it,1
OTP code never arrives on my phone terrible,1
OTP code never arrives on my phone fix it,1
OTP code never arrives on my phone terrible,1
OTP code never arrives on my phone help,1
interface is confusing and slow help,1
transaction failed but money deducted help,1
OTP code never arrives on my phone useless,1
OTP code never arrives on my phone help,1
OTP sms is delayed by 10 minutes help,1
OTP code never arrives on my phone terrible,1
OTP sms is delayed by 10 minutes useless,1
OTP code never arrives on my phone fix it,1
OTP code never arrives on my phone terrible,1
OTP code never arrives on my phone fix it,1
OTP code never arrives on my phone fix it,1
OTP code never arrives on my phone help,1
login timeout is too fast terrible,1
OTP code never arrives on my phone useless,1
app crashing when opening scanner fix it,1
OTP code never arrives on my phone useless,1
OTP code never arrives on my phone terrible,1
OTP code never arrives on my phone help,1
OTP code never arrives on my phone terrible,1
OTP code never arrives on my phone useless,1
transaction failed but money deducted help,1
OTP code never arrives on my phone terrible,1
transaction failed but money deducted help,1
OTP code never arrives on my phone help,1
OTP code never arrives on my phone help,1
login timeout is too fast useless,1
OTP code never arrives on my phone fix it,1
OTP code never arrives on my phone useless,1
OTP code never arrives on my phone help,1
app crashing when opening scanner useless,1
interface is confusing and slow terrible,1
OTP code never arrives on my phone help,1
OTP code never arrives on my phone fix it,1
OTP code never arrives on my phone help,1
OTP sms is delayed by 10 minutes useless,1
OTP sms is delayed by 10 minutes fix it,1
OTP code never arrives on my phone fix it,1
OTP code never arrives on my phone terrible,1
OTP sms is delayed by 10 minutes help,1
OTP code never arrives on my phone help,1
OTP code never arrives on my phone useless,1
OTP code never arrives on my phone help,1
transaction failed but money deducted fix it,1
OTP code never arrives on my phone useless,1
interface is confusing and slow useless,1
interface is confusing and slow useless,1
OTP code never arrives on my phone help,1
OTP sms is delayed by 10 minutes help,1
login timeout is too fast terrible,1
OTP code never arrives on my phone help,1
OTP code never arrives on my phone fix it,1
OTP code never arrives on my phone useless,1
app crashing when opening scanner terrible,1
OTP code never arrives on my phone useless,1
OTP code never arrives on my phone terrible,1
app crashing when opening scanner help,1
OTP code never arrives on my phone terrible,1
transaction failed but money deducted help,1
OTP code never arrives on my phone terrible,1
interface is confusing and slow help,1
OTP code never arrives on my phone help,1
OTP code never arrives on my phone terrible,1
OTP code never arrives on my phone terrible,1
OTP code never arrives on my phone help,1
OTP code never arrives on my phone help,1
app crashing when opening scanner terrible,1
OTP sms is delayed by 10 minutes fix it,1
OTP sms is delayed by 10 minutes help,1
OTP code never arrives on my phone fix it,1
OTP sms is delayed by 10 minutes help,1
OTP code never arrives on my phone useless,1
OTP code never arrives on my phone fix it,1
OTP code never arrives on my phone useless,1
OTP code never arrives on my phone fix it,1
OTP sms is delayed by 10 minutes terrible,1
OTP code never arrives on my phone terrible,1
OTP sms is delayed by 10 minutes terrible,1
transaction failed but money deducted useless,1
OTP code never arrives on my phone fix it,1
OTP code never arrives on my phone terrible,1
OTP sms is delayed by 10 minutes terrible,1
OTP code never arrives on my phone terrible,1
app crashing when opening scanner help,1
OTP sms is delayed by 10 minutes fix it,1
OTP sms is delayed by 10 minutes fix it,1
OTP sms is delayed by 10 minutes terrible,1
OTP sms is delayed by 10 minutes terrible,1
OTP sms is delayed by 10 minutes useless,1
OTP code never arrives on my phone fix it,1
OTP sms is delayed by 10 minutes useless,1
OTP code never arrives on my phone terrible,1
OTP code never arrives on my phone useless,1
OTP code never arrives on my phone fix it,1
interface is confusing and slow terrible,1
OTP sms is delayed by 10 minutes useless,1
OTP code never arrives on my phone fix it,1
OTP code never arrives on my phone fix it,1
OTP sms is delayed by 10 minutes terrible,1
login timeout is too fast useless,1
OTP code never arrives on my phone terrible,1
app crashing when opening scanner fix it,1
OTP sms is delayed by 10 minutes terrible,1
OTP code never arrives on my phone useless,1
OTP code never arrives on my phone terrible,1
OTP sms is delayed by 10 minutes useless,1
OTP code never arrives on my phone fix it,1
app crashing when opening scanner useless,1
OTP sms is delayed by 10 minutes help,1
OTP code never arrives on my phone help,1
OTP sms is delayed by 10 minutes help,1
OTP code never arrives on my phone fix it,1
app crashing when opening scanner useless,1
OTP code never arrives on my phone fix it,1
OTP code never arrives on my phone terrible,1
OTP sms is delayed by 10 minutes useless,1
OTP code never arrives on my phone help,1
login timeout is too fast terrible,1
app crashing when opening scanner help,1
OTP code never arrives on my phone useless,1
login timeout is too fast fix it,1
OTP code never arrives on my phone useless,1
great app works well,5
great app works well,5
great app works well,5
great app works well,5
great app works well,5
great app works well,5
great app works well,5
great app works well,5
great app works well,5
great app works well,5
great app works well,5
great app works well,5
great app works well,5
great app works well,5
great app works well,5
great app works well,5
great app works well,5
great app works well,5
great app works well,5
great app works well,5
great app works well,5
great app works well,5
great app works well,5
great app works well,5
great app works well,5
great app works well,5
great app works well,5
great app works well,5
great app works well,5
great app works well,5
great app works well,5
great app works well,5
great app works well,5
great app works well,5
great app works well,5
great app works well,5
great app works well,5
great app works well,5
great app works well,5
great app works well,5
great app works well,5
great app works well,5
great app works well,5
great app works well,5
great app works well,5
great app works well,5
great app works well,5
great app works well,5
great app works well,5
great app works well,5
